{"cameraMode":{"drawMode":0,"name":"Shaded","section":"Shading Mode"},"sceneLighting":true,"audioPlay":false,"sceneViewState":{"m_AlwaysRefresh":false,"showFog":true,"showSkybox":true,"showFlares":true,"showImageEffects":true,"showParticleSystems":true,"showVisualEffectGraphs":true,"m_FxEnabled":true},"in2DMode":false,"pivot":{"x":532.08349609375,"y":164.2228240966797,"z":10.420326232910157},"rotation":{"x":0.010294130071997643,"y":-0.5138389468193054,"z":-0.006166378501802683,"w":-0.8578084707260132},"size":369.85992431640627,"orthographic":true}